Metric,Linear Regression,Random Forest
R² Score,0.9059011844150826,0.9534827934927883
RMSE,1.7052146229349223,1.1989298770153327
MAE,1.2748262109549338,0.9179999999999993
