Metric,Linear Regression,Random Forest
R² Score,0.9025912899684558,0.9930946110814449
RMSE,1.6449942697855562,0.43798533080458096
MAE,1.2363919943957848,0.30875999999999815
